{
  "generation": [
    0,
    1,
    2,
    3,
    4,
    5,
    6,
    7,
    8,
    9,
    10,
    11,
    12,
    13,
    14,
    15,
    16,
    17,
    18,
    19,
    20,
    21,
    22,
    23,
    24,
    25,
    26,
    27,
    28,
    29,
    30,
    31,
    32
  ],
  "best_fitness": [
    -31.453963925694524,
    142.97617613083764,
    142.97617613083764,
    142.97617613083764,
    142.97617613083764,
    142.97617613083764,
    142.97617613083764,
    142.97617613083764,
    142.97617613083764,
    142.97617613083764,
    206.1522169462969,
    206.1522169462969,
    206.1522169462969,
    206.1522169462969,
    206.1522169462969,
    206.1522169462969,
    206.1522169462969,
    206.1522169462969,
    206.1522169462969,
    206.1522169462969,
    206.1522169462969,
    206.1522169462969,
    206.1522169462969,
    206.1522169462969,
    206.1522169462969,
    206.1522169462969,
    206.1522169462969,
    206.1522169462969,
    206.1522169462969,
    206.1522169462969,
    206.1522169462969,
    206.1522169462969,
    4420
  ],
  "avg_fitness": [
    -636.3653939272592,
    -511.96756195547204,
    -511.2732779445636,
    -479.55469802205414,
    -417.521395112837,
    -476.5118734931571,
    -428.3532830188185,
    -446.01926878853266,
    -436.4249393532703,
    -481.5257496662564,
    -473.489172888143,
    -428.0793522562806,
    -455.7951688623025,
    -463.17845334616686,
    -398.03187497412415,
    -405.18691620916593,
    -440.6027701481344,
    -444.34101925875206,
    -432.56496515528283,
    -445.020610726372,
    -427.65514303746073,
    -416.19537425924943,
    -416.7941747182805,
    -422.9605281969677,
    -407.7146695055857,
    -427.9003818601899,
    -388.47179604558175,
    -447.3354937797451,
    -456.86339794668197,
    -412.7324064410754,
    -424.74438076112796,
    -378.3898472116699,
    -356.2527209666431
  ],
  "min_fitness": [
    -695.0,
    -695.0,
    -695.0,
    -695.0,
    -695.0,
    -695.0,
    -695.0,
    -695.0,
    -695.0,
    -695.0,
    -695.0,
    -695.0,
    -695.0,
    -695.0,
    -695.0,
    -695.0,
    -695.0,
    -695.0,
    -695.0,
    -695.0,
    -695.0,
    -695.0,
    -695.0,
    -695.0,
    -695.0,
    -695.0,
    -695.0,
    -695.0,
    -695.0,
    -695.0,
    -695.0,
    -695.0,
    -695.0
  ],
  "species_count": [],
  "success_rate": [
    0.0,
    0.0,
    0.0,
    0.0,
    0.0,
    0.0,
    0.0,
    0.0,
    0.0,
    0.0,
    0.0,
    0.0,
    0.0,
    0.0,
    0.0,
    0.0,
    0.0,
    0.0,
    0.0,
    0.0,
    0.0,
    0.0,
    0.0,
    0.0,
    0.0,
    0.0,
    0.0,
    0.0,
    0.0,
    0.0,
    0.0,
    0.0,
    0.006666666666666667
  ],
  "avg_steps": [
    500.0,
    500.0,
    500.0,
    500.0,
    500.0,
    500.0,
    500.0,
    500.0,
    500.0,
    500.0,
    500.0,
    500.0,
    500.0,
    500.0,
    500.0,
    500.0,
    500.0,
    500.0,
    500.0,
    500.0,
    500.0,
    500.0,
    500.0,
    500.0,
    500.0,
    500.0,
    500.0,
    500.0,
    500.0,
    500.0,
    500.0,
    500.0,
    496.7733333333333
  ],
  "best_trajectory": [
    [
      0.0,
      0.0
    ],
    [
      0.0,
      1.0
    ],
    [
      0.0,
      2.0
    ],
    [
      1.0,
      2.0
    ],
    [
      2.0,
      2.0
    ],
    [
      2.0,
      3.0
    ],
    [
      2.0,
      4.0
    ],
    [
      3.0,
      4.0
    ],
    [
      4.0,
      4.0
    ],
    [
      5.0,
      4.0
    ],
    [
      6.0,
      4.0
    ],
    [
      6.0,
      5.0
    ],
    [
      6.0,
      6.0
    ],
    [
      7.0,
      6.0
    ],
    [
      8.0,
      6.0
    ],
    [
      8.0,
      7.0
    ],
    [
      8.0,
      8.0
    ]
  ]
}