{
  "generation": [
    0,
    1,
    2,
    3,
    4,
    5,
    6,
    7,
    8,
    9
  ],
  "best_fitness": [
    -16.328570699744716,
    23.852241574524555,
    23.852241574524555,
    23.852241574524555,
    142.97617613083764,
    142.97617613083764,
    142.97617613083764,
    142.97617613083764,
    142.97617613083764,
    4420
  ],
  "avg_fitness": [
    -657.0141032931447,
    -562.2517990738305,
    -508.74465244930644,
    -503.4002503219277,
    -441.7528090239825,
    -461.4107375133249,
    -448.0203891232897,
    -396.95501484592,
    -366.1353821294905,
    -357.81112223458894
  ],
  "min_fitness": [
    -695.0,
    -695.0,
    -695.0,
    -695.0,
    -695.0,
    -695.0,
    -695.0,
    -695.0,
    -695.0,
    -695.0
  ],
  "species_count": [],
  "success_rate": [
    0.0,
    0.0,
    0.0,
    0.0,
    0.0,
    0.0,
    0.0,
    0.0,
    0.0,
    0.006622516556291391
  ],
  "avg_steps": [
    500.0,
    500.0,
    500.0,
    500.0,
    500.0,
    500.0,
    500.0,
    500.0,
    500.0,
    496.79470198675494
  ],
  "best_trajectory": [
    [
      0.0,
      0.0
    ],
    [
      0.0,
      1.0
    ],
    [
      0.0,
      2.0
    ],
    [
      1.0,
      2.0
    ],
    [
      2.0,
      2.0
    ],
    [
      2.0,
      3.0
    ],
    [
      2.0,
      4.0
    ],
    [
      3.0,
      4.0
    ],
    [
      4.0,
      4.0
    ],
    [
      5.0,
      4.0
    ],
    [
      6.0,
      4.0
    ],
    [
      6.0,
      5.0
    ],
    [
      6.0,
      6.0
    ],
    [
      7.0,
      6.0
    ],
    [
      8.0,
      6.0
    ],
    [
      8.0,
      7.0
    ],
    [
      8.0,
      8.0
    ]
  ]
}