{
  "generation": [
    0,
    1,
    2,
    3,
    4,
    5,
    6,
    7,
    8,
    9,
    10,
    11,
    12
  ],
  "best_fitness": [
    -49.761440860655114,
    142.97617613083764,
    354.668917669429,
    354.668917669429,
    354.668917669429,
    354.668917669429,
    354.668917669429,
    354.668917669429,
    354.668917669429,
    354.668917669429,
    354.668917669429,
    354.668917669429,
    4420
  ],
  "avg_fitness": [
    -627.1713641155726,
    -493.44113400768566,
    -465.36708294303827,
    -468.2646543585579,
    -445.8466007809188,
    -470.60854759463274,
    -453.03803222507764,
    -480.5031396302668,
    -426.1991860951553,
    -399.627150875533,
    -424.4458699868328,
    -429.816205090062,
    -407.0139399732722
  ],
  "min_fitness": [
    -695.0,
    -695.0,
    -695.0,
    -695.0,
    -695.0,
    -695.0,
    -695.0,
    -695.0,
    -695.0,
    -695.0,
    -695.0,
    -695.0,
    -695.0
  ],
  "species_count": [],
  "success_rate": [
    0.0,
    0.0,
    0.0,
    0.0,
    0.0,
    0.0,
    0.0,
    0.0,
    0.0,
    0.0,
    0.0,
    0.0,
    0.006666666666666667
  ],
  "avg_steps": [
    500.0,
    500.0,
    500.0,
    500.0,
    500.0,
    500.0,
    500.0,
    500.0,
    500.0,
    500.0,
    500.0,
    500.0,
    496.7733333333333
  ],
  "best_trajectory": [
    [
      0.0,
      0.0
    ],
    [
      0.0,
      1.0
    ],
    [
      0.0,
      2.0
    ],
    [
      1.0,
      2.0
    ],
    [
      2.0,
      2.0
    ],
    [
      2.0,
      3.0
    ],
    [
      2.0,
      4.0
    ],
    [
      3.0,
      4.0
    ],
    [
      4.0,
      4.0
    ],
    [
      5.0,
      4.0
    ],
    [
      6.0,
      4.0
    ],
    [
      6.0,
      5.0
    ],
    [
      6.0,
      6.0
    ],
    [
      7.0,
      6.0
    ],
    [
      8.0,
      6.0
    ],
    [
      8.0,
      7.0
    ],
    [
      8.0,
      8.0
    ]
  ]
}