{
  "episode": 49,
  "training_stats": {
    "episode": [
      0,
      1,
      2,
      3,
      4,
      5,
      6,
      7,
      8,
      9,
      10,
      11,
      12,
      13,
      14,
      15,
      16,
      17,
      18,
      19,
      20,
      21,
      22,
      23,
      24,
      25,
      26,
      27,
      28,
      29,
      30,
      31,
      32,
      33,
      34,
      35,
      36,
      37,
      38,
      39,
      40,
      41,
      42,
      43,
      44,
      45,
      46,
      47,
      48,
      49
    ],
    "reward": [
      -274.44739020620995,
      -263.94625137612576,
      -266.78312568806285,
      -276.7862513761258,
      -261.6562513761256,
      23.206854249492366,
      -149.45090981455203,
      -28.87314575050766,
      39.762878934212914,
      1.7921958110658665,
      30.212195811065868,
      78.98685424949238,
      -33.693145750507426,
      -0.13625137612521598,
      -41.35314575050751,
      66.58685424949239,
      43.286854249492336,
      39.3268542494924,
      -4.102462627360552,
      57.920642998257065,
      43.64064299825704,
      21.500642998257092,
      54.646854249492385,
      37.94374862387473,
      65.20685424949237,
      61.81530143668356,
      69.72685424949239,
      55.806854249492375,
      42.96374862387471,
      71.02374862387472,
      30.2837486238747,
      46.72685424949238,
      63.90374862387471,
      14.15219581106588,
      58.02685424949236,
      51.875301436683536,
      78.88374862387472,
      34.77219581106587,
      -14.619357001742912,
      89.20685424949238,
      79.0668542494924,
      7.27219581106587,
      35.81530143668353,
      59.57530143668355,
      66.16685424949239,
      28.846854249492353,
      83.83530143668355,
      33.326854249492385,
      64.70374862387473,
      77.94685424949239
    ],
    "steps": [
      500,
      500,
      500,
      500,
      500,
      157,
      492,
      257,
      169,
      230,
      146,
      70,
      264,
      227,
      277,
      83,
      154,
      132,
      221,
      116,
      136,
      185,
      99,
      144,
      101,
      90,
      77,
      101,
      142,
      84,
      178,
      141,
      110,
      209,
      96,
      111,
      65,
      147,
      267,
      50,
      73,
      207,
      167,
      103,
      85,
      150,
      67,
      162,
      101,
      66
    ],
    "epsilon": [
      0.995,
      0.990025,
      0.985074875,
      0.9801495006250001,
      0.9752487531218751,
      0.9703725093562657,
      0.9655206468094844,
      0.960693043575437,
      0.9558895783575597,
      0.9511101304657719,
      0.946354579813443,
      0.9416228069143757,
      0.9369146928798039,
      0.9322301194154049,
      0.9275689688183278,
      0.9229311239742362,
      0.918316468354365,
      0.9137248860125932,
      0.9091562615825302,
      0.9046104802746175,
      0.9000874278732445,
      0.8955869907338783,
      0.8911090557802088,
      0.8866535105013078,
      0.8822202429488013,
      0.8778091417340573,
      0.8734200960253871,
      0.8690529955452602,
      0.8647077305675338,
      0.8603841919146962,
      0.8560822709551227,
      0.851801859600347,
      0.8475428503023453,
      0.8433051360508336,
      0.8390886103705794,
      0.8348931673187264,
      0.8307187014821328,
      0.8265651079747222,
      0.8224322824348486,
      0.8183201210226743,
      0.8142285204175609,
      0.810157377815473,
      0.8061065909263957,
      0.8020760579717637,
      0.798065677681905,
      0.7940753492934954,
      0.7901049725470279,
      0.7861544476842928,
      0.7822236754458713,
      0.778312557068642
    ],
    "loss": [
      0.06310783347085085,
      0.021551467263139786,
      0.015332704625092447,
      0.013387020309455693,
      0.012079791822470725,
      0.01174405289244405,
      4.628005983555932,
      7.581113516164632,
      4.267704518671704,
      11.685234492810686,
      8.481783082488644,
      10.035292258273278,
      15.38634406218912,
      10.737717851577942,
      10.93300936499187,
      20.497058560959545,
      11.187287641241662,
      10.751762655493097,
      10.82980914926367,
      18.477110946181647,
      12.114911254728213,
      23.48606123761148,
      16.183838849868437,
      18.783209806929033,
      17.18000017405294,
      15.268667257991101,
      13.959967137060382,
      14.096630313830211,
      8.02545177771277,
      4.830985356343999,
      5.970200465154949,
      24.139611637338678,
      12.582665637406436,
      10.804148854750196,
      8.93961330720534,
      8.357366036455911,
      7.454395376489713,
      8.994631294490528,
      7.112085282802582,
      6.822219350934029,
      5.810801657911849,
      43.78399240106776,
      23.777209094898428,
      19.92878654628124,
      19.505043614611907,
      16.667918813228606,
      16.858573564842565,
      15.643476288995625,
      12.580647016515826,
      13.221423653039066
    ],
    "q_values": [
      0.3213578616455197,
      0.5184785064458847,
      0.4468229293897748,
      0.5091293944716454,
      0.43512072355300185,
      0.4640433954158027,
      0.5151815881301475,
      0.5215983303111583,
      0.47527706246139734,
      0.513466188101017,
      0.5360907414443281,
      0.8309026377541678,
      0.9124008402171911,
      0.7462822783303484,
      0.7704713655911413,
      1.2647717135498322,
      1.5696236533778054,
      0.7130025679414923,
      2.1012953776113976,
      0.6893232383701051,
      2.904054766835864,
      4.189272685067074,
      1.4332080254651078,
      1.4698415990504954,
      2.012446138528314,
      4.269071474836933,
      9.461098060979472,
      3.466666402498094,
      5.650271832942963,
      2.7239660251708258,
      7.536571185826586,
      3.6945556715025125,
      5.402463246746497,
      16.471470599396948,
      26.38047607894987,
      10.353291073763693,
      29.169944891562828,
      14.071635631679678,
      10.50142333391454,
      3.589002696275711,
      10.077176950974007,
      10.865547245107411,
      16.714810289130238,
      7.543052744518206,
      21.038157749176026,
      23.43155093709628,
      11.846372885490531,
      11.492835540554406,
      16.478694605797823,
      50.30669548520536
    ],
    "success": [
      0,
      0,
      0,
      0,
      0,
      1,
      1,
      1,
      1,
      1,
      1,
      1,
      1,
      1,
      1,
      1,
      1,
      1,
      1,
      1,
      1,
      1,
      1,
      1,
      1,
      1,
      1,
      1,
      1,
      1,
      1,
      1,
      1,
      1,
      1,
      1,
      1,
      1,
      1,
      1,
      1,
      1,
      1,
      1,
      1,
      1,
      1,
      1,
      1,
      1
    ],
    "distance_to_goal": [
      3.1622776601683795,
      4.123105625617661,
      5.656854249492381,
      8.246211251235321,
      7.0,
      0.0,
      0.0,
      0.0,
      0.0,
      0.0,
      0.0,
      0.0,
      0.0,
      0.0,
      0.0,
      0.0,
      0.0,
      0.0,
      0.0,
      0.0,
      0.0,
      0.0,
      0.0,
      0.0,
      0.0,
      0.0,
      0.0,
      0.0,
      0.0,
      0.0,
      0.0,
      0.0,
      0.0,
      0.0,
      0.0,
      0.0,
      0.0,
      0.0,
      0.0,
      0.0,
      0.0,
      0.0,
      0.0,
      0.0,
      0.0,
      0.0,
      0.0,
      0.0,
      0.0,
      0.0
    ],
    "exploration_count": [
      46,
      40,
      41,
      50,
      45,
      25,
      56,
      32,
      28,
      44,
      22,
      21,
      34,
      35,
      36,
      23,
      24,
      27,
      30,
      28,
      26,
      26,
      26,
      38,
      31,
      24,
      24,
      26,
      27,
      22,
      31,
      29,
      27,
      31,
      22,
      24,
      27,
      30,
      42,
      20,
      26,
      33,
      36,
      23,
      23,
      31,
      26,
      28,
      26,
      20
    ]
  },
  "best_reward": 89.20685424949238,