{
  "episode": 49,
  "training_stats": {
    "episode": [
      0,
      1,
      2,
      3,
      4,
      5,
      6,
      7,
      8,
      9,
      10,
      11,
      12,
      13,
      14,
      15,
      16,
      17,
      18,
      19,
      20,
      21,
      22,
      23,
      24,
      25,
      26,
      27,
      28,
      29,
      30,
      31,
      32,
      33,
      34,
      35,
      36,
      37,
      38,
      39,
      40,
      41,
      42,
      43,
      44,
      45,
      46,
      47,
      48,
      49
    ],
    "reward": [
      -86.50469856331625,
      -114.67351888353716,
      -110.66469856331605,
      44.98685424949236,
      -257.30318747471995,
      -140.79625137612527,
      33.686854249492356,
      -5.993145750507637,
      -81.97314575050783,
      -241.86333231702233,
      59.10685424949241,
      -271.62578643762714,
      4.892195811065932,
      -22.333145750507683,
      31.226854249492405,
      76.18685424949238,
      41.586854249492355,
      64.96685424949237,
      0.22374862387481187,
      80.15530143668356,
      74.69530143668355,
      58.283748623874715,
      67.34685424949238,
      12.626854249492396,
      83.90685424949238,
      41.312195811065884,
      33.15530143668359,
      30.032195811065876,
      49.966854249492364,
      35.14685424949238,
      79.40685424949238,
      78.50685424949238,
      77.08685424949238,
      2.275301436683563,
      56.843748623874724,
      -38.43625137612534,
      35.90685424949237,
      52.446854249492375,
      85.90685424949238,
      79.68685424949238,
      86.44685424949238,
      56.82685424949237,
      78.50685424949238,
      55.78685424949239,
      64.56685424949238,
      82.75530143668354,
      85.97530143668355,
      62.78685424949237,
      35.62685424949237,
      58.36685424949238
    ],
    "steps": [
      372,
      454,
      434,
      121,
      500,
      455,
      149,
      236,
      335,
      500,
      105,
      500,
      206,
      264,
      148,
      74,
      132,
      95,
      228,
      70,
      79,
      119,
      96,
      200,
      55,
      137,
      158,
      171,
      137,
      141,
      68,
      68,
      64,
      211,
      106,
      282,
      137,
      144,
      53,
      62,
      49,
      116,
      61,
      119,
      96,
      75,
      62,
      95,
      136,
      101
    ],
    "epsilon": [
      0.995,
      0.990025,
      0.985074875,
      0.9801495006250001,
      0.9752487531218751,
      0.9703725093562657,
      0.9655206468094844,
      0.960693043575437,
      0.9558895783575597,
      0.9511101304657719,
      0.946354579813443,
      0.9416228069143757,
      0.9369146928798039,
      0.9322301194154049,
      0.9275689688183278,
      0.9229311239742362,
      0.918316468354365,
      0.9137248860125932,
      0.9091562615825302,
      0.9046104802746175,
      0.9000874278732445,
      0.8955869907338783,
      0.8911090557802088,
      0.8866535105013078,
      0.8822202429488013,
      0.8778091417340573,
      0.8734200960253871,
      0.8690529955452602,
      0.8647077305675338,
      0.8603841919146962,
      0.8560822709551227,
      0.851801859600347,
      0.8475428503023453,
      0.8433051360508336,
      0.8390886103705794,
      0.8348931673187264,
      0.8307187014821328,
      0.8265651079747222,
      0.8224322824348486,
      0.8183201210226743,
      0.8142285204175609,
      0.810157377815473,
      0.8061065909263957,
      0.8020760579717637,
      0.798065677681905,
      0.7940753492934954,
      0.7901049725470279,
      0.7861544476842928,
      0.7822236754458713,
      0.778312557068642
    ],
    "loss": [
      0.07890256601581681,
      14.119859474774712,
      18.416071520259923,
      21.666089927115717,
      20.964048610799015,
      17.65212713696554,
      15.48394272363926,
      12.792430042395747,
      16.585037663553965,
      15.817100404310972,
      18.85481265542053,
      14.20004938684404,
      5.891612950459267,
      8.341699759807494,
      7.213517121517578,
      4.414058448872654,
      7.989740294418439,
      7.2838057893279355,
      6.938758847123959,
      10.303343440006886,
      5.797547465638269,
      28.488179613562192,
      24.484257055601727,
      26.295089296512305,
      25.63178651143204,
      20.604536127326263,
      18.300387336483485,
      23.9020921628029,
      24.831666597375904,
      22.337130070789485,
      22.34260800787631,
      24.30370102384511,
      30.106829040683806,
      21.832265491451697,
      20.276313189627988,
      17.20345198748805,
      17.787682095148266,
      16.014889808164703,
      11.609054264032617,
      14.974134241381,
      16.773906211159666,
      26.59848265812315,
      21.925623323096605,
      18.547841899535236,
      16.17496782541275,
      15.77502865155538,
      17.6734713585146,
      15.093947179693926,
      14.633289402022081,
      14.607845455113024
    ],
    "q_values": [
      0.09063386465472881,
      0.5655840431885704,
      0.45875130301075323,
      0.5336417901245031,
      0.47852511300891637,
      0.5241085247187824,
      0.5223224589838678,
      0.5599792445457336,
      0.6798057447840918,
      0.8007394493222236,
      0.7878263706962267,
      0.6474294492006302,
      0.939234950019101,
      1.3522152391290574,
      1.4941205677349825,
      6.923836917087838,
      1.0966473416792173,
      0.9374228007307178,
      0.820697499912951,
      1.8029002503624985,
      1.999950738222916,
      4.582230830392918,
      5.018281779251993,
      6.314988533407449,
      3.8253897786140443,
      2.9353780910699037,
      2.4729037058975876,
      5.818011670868996,
      2.0840347111768964,
      4.813571589635619,
      3.783626321593628,
      14.170726712135707,
      8.924190963618457,
      4.618612937735155,
      14.67267678424997,
      5.673127267166232,
      29.60504463858848,
      11.014941211375925,
      25.242845885596186,
      10.664667554440037,
      7.667369669797469,
      18.567262049507477,
      16.215324408695345,
      12.748020908411812,
      16.22822561642776,
      15.237483258048693,
      35.2725542706828,
      22.261528287122125,
      8.054169659557587,
      6.81057401606352
    ],
    "success": [
      1,
      1,
      1,
      1,
      0,
      1,
      1,
      1,
      1,
      0,
      1,
      0,
      1,
      1,
      1,
      1,
      1,
      1,
      1,
      1,
      1,
      1,
      1,
      1,
      1,
      1,
      1,
      1,
      1,
      1,
      1,
      1,
      1,
      1,
      1,
      1,
      1,
      1,
      1,
      1,
      1,
      1,
      1,
      1,
      1,
      1,
      1,
      1,
      1,
      1
    ],
    "distance_to_goal": [
      0.0,
      0.0,
      0.0,
      0.0,
      6.324555320336759,
      0.0,
      0.0,
      0.0,
      0.0,
      5.0,
      0.0,
      8.48528137423857,
      0.0,
      0.0,
      0.0,
      0.0,
      0.0,
      0.0,
      0.0,
      0.0,
      0.0,
      0.0,
      0.0,
      0.0,
      0.0,
      0.0,
      0.0,
      0.0,
      0.0,
      0.0,
      0.0,
      0.0,
      0.0,
      0.0,
      0.0,
      0.0,
      0.0,
      0.0,
      0.0,
      0.0,
      0.0,
      0.0,
      0.0,
      0.0,
      0.0,
      0.0,
      0.0,
      0.0,
      0.0,
      0.0
    ],
    "exploration_count": [
      43,
      42,
      48,
      25,
      44,
      47,
      28,
      33,
      36,
      47,
      24,
      36,
      27,
      35,
      27,
      25,
      24,
      26,
      29,
      29,
      25,
      33,
      32,
      33,
      19,
      29,
      34,
      31,
      37,
      22,
      21,
      18,
      21,
      34,
      27,
      38,
      27,
      37,
      19,
      23,
      18,
      32,
      21,
      28,
      28,
      28,
      27,
      24,
      28,
      24
    ]
  },
  "best_reward": 86.44685424949238,
  "epsilon": 0.778312557068642
}